<?xml version="1.0" encoding="UTF-8"?>
<export version="E">
  <design>
    <source>C:\Users\nilab\Desktop\IISc\RPM Sensor\RPM_Sensor_Complete\RPM_Sensor.kicad_sch</source>
    <date>28-03-2023 19:38:01</date>
    <tool>Eeschema (6.0.4)</tool>
    <sheet number="1" name="/" tstamps="/">
      <title_block>
        <title/>
        <company/>
        <rev/>
        <date/>
        <source>RPM_Sensor.kicad_sch</source>
        <comment number="1" value=""/>
        <comment number="2" value=""/>
        <comment number="3" value=""/>
        <comment number="4" value=""/>
        <comment number="5" value=""/>
        <comment number="6" value=""/>
        <comment number="7" value=""/>
        <comment number="8" value=""/>
        <comment number="9" value=""/>
      </title_block>
    </sheet>
  </design>
  <components>
    <comp ref="C1">
      <value>100n</value>
      <footprint>Capacitor_SMD:C_0805_2012Metric</footprint>
      <libsource lib="Device" part="C" description="Unpolarized capacitor"/>
      <property name="Sheetname" value=""/>
      <property name="Sheetfile" value="RPM_Sensor.kicad_sch"/>
      <sheetpath names="/" tstamps="/"/>
      <tstamps>c629dfaa-37af-4767-afa6-bfe5d03347b7</tstamps>
    </comp>
    <comp ref="C2">
      <value>47u</value>
      <footprint>Capacitor_SMD:CP_Elec_4x5.8</footprint>
      <libsource lib="Device" part="C_Polarized_Small" description="Polarized capacitor, small symbol"/>
      <property name="Sheetname" value=""/>
      <property name="Sheetfile" value="RPM_Sensor.kicad_sch"/>
      <sheetpath names="/" tstamps="/"/>
      <tstamps>776d3fb6-1d68-4b3a-9e3c-0333dc6b2496</tstamps>
    </comp>
    <comp ref="C3">
      <value>47u</value>
      <footprint>Capacitor_SMD:CP_Elec_4x5.8</footprint>
      <libsource lib="Device" part="C_Polarized_Small" description="Polarized capacitor, small symbol"/>
      <property name="Sheetname" value=""/>
      <property name="Sheetfile" value="RPM_Sensor.kicad_sch"/>
      <sheetpath names="/" tstamps="/"/>
      <tstamps>d2b6c8d6-2f45-488d-8b98-919cc745ca27</tstamps>
    </comp>
    <comp ref="C5">
      <value>100n</value>
      <footprint>Capacitor_SMD:C_0805_2012Metric</footprint>
      <libsource lib="Device" part="C" description="Unpolarized capacitor"/>
      <property name="Sheetname" value=""/>
      <property name="Sheetfile" value="RPM_Sensor.kicad_sch"/>
      <sheetpath names="/" tstamps="/"/>
      <tstamps>63d7d7ec-d847-483e-be41-203c793c2770</tstamps>
    </comp>
    <comp ref="C6">
      <value>100n</value>
      <footprint>Capacitor_SMD:C_0805_2012Metric</footprint>
      <libsource lib="Device" part="C" description="Unpolarized capacitor"/>
      <property name="Sheetname" value=""/>
      <property name="Sheetfile" value="RPM_Sensor.kicad_sch"/>
      <sheetpath names="/" tstamps="/"/>
      <tstamps>72cd1155-6032-4285-889e-59f6033415f6</tstamps>
    </comp>
    <comp ref="C7">
      <value>100n</value>
      <footprint>Capacitor_SMD:C_0805_2012Metric</footprint>
      <libsource lib="Device" part="C" description="Unpolarized capacitor"/>
      <property name="Sheetname" value=""/>
      <property name="Sheetfile" value="RPM_Sensor.kicad_sch"/>
      <sheetpath names="/" tstamps="/"/>
      <tstamps>e6d8e526-8f7e-434a-b4d4-5c5a665b4cfe</tstamps>
    </comp>
    <comp ref="C8">
      <value>100n</value>
      <footprint>Capacitor_SMD:C_0805_2012Metric</footprint>
      <libsource lib="Device" part="C" description="Unpolarized capacitor"/>
      <property name="Sheetname" value=""/>
      <property name="Sheetfile" value="RPM_Sensor.kicad_sch"/>
      <sheetpath names="/" tstamps="/"/>
      <tstamps>d049b67a-05a5-43a3-8adc-b159ba614a42</tstamps>
    </comp>
    <comp ref="C9">
      <value>100n</value>
      <footprint>Capacitor_SMD:C_0805_2012Metric</footprint>
      <libsource lib="Device" part="C" description="Unpolarized capacitor"/>
      <property name="Sheetname" value=""/>
      <property name="Sheetfile" value="RPM_Sensor.kicad_sch"/>
      <sheetpath names="/" tstamps="/"/>
      <tstamps>a45d27ec-d175-41a3-b052-75541088bf25</tstamps>
    </comp>
    <comp ref="C10">
      <value>100n</value>
      <footprint>Capacitor_SMD:C_0805_2012Metric</footprint>
      <libsource lib="Device" part="C" description="Unpolarized capacitor"/>
      <property name="Sheetname" value=""/>
      <property name="Sheetfile" value="RPM_Sensor.kicad_sch"/>
      <sheetpath names="/" tstamps="/"/>
      <tstamps>77c0803c-782b-45fa-9c4f-8967922f247d</tstamps>
    </comp>
    <comp ref="C11">
      <value>100n</value>
      <footprint>Capacitor_SMD:C_0805_2012Metric</footprint>
      <libsource lib="Device" part="C" description="Unpolarized capacitor"/>
      <property name="Sheetname" value=""/>
      <property name="Sheetfile" value="RPM_Sensor.kicad_sch"/>
      <sheetpath names="/" tstamps="/"/>
      <tstamps>fb76dbc5-23cf-4f3e-89ec-06cf90cfaa65</tstamps>
    </comp>
    <comp ref="C14">
      <value>22p</value>
      <footprint>Capacitor_SMD:C_0805_2012Metric</footprint>
      <libsource lib="Device" part="C" description="Unpolarized capacitor"/>
      <property name="Sheetname" value=""/>
      <property name="Sheetfile" value="RPM_Sensor.kicad_sch"/>
      <sheetpath names="/" tstamps="/"/>
      <tstamps>fd222119-e03c-44aa-8a0a-2a56f28715f1</tstamps>
    </comp>
    <comp ref="C15">
      <value>22p</value>
      <footprint>Capacitor_SMD:C_0805_2012Metric</footprint>
      <libsource lib="Device" part="C" description="Unpolarized capacitor"/>
      <property name="Sheetname" value=""/>
      <property name="Sheetfile" value="RPM_Sensor.kicad_sch"/>
      <sheetpath names="/" tstamps="/"/>
      <tstamps>71217b93-fe83-4043-8494-863feaee352c</tstamps>
    </comp>
    <comp ref="D1">
      <value>LED</value>
      <footprint>LED_SMD:LED_0805_2012Metric</footprint>
      <libsource lib="Device" part="LED" description="Light emitting diode"/>
      <property name="Sheetname" value=""/>
      <property name="Sheetfile" value="RPM_Sensor.kicad_sch"/>
      <sheetpath names="/" tstamps="/"/>
      <tstamps>15d67f5a-4d28-4444-bd9c-02856d4222f9</tstamps>
    </comp>
    <comp ref="F1">
      <value>500mA</value>
      <footprint>Fuse:Fuse_1206_3216Metric</footprint>
      <libsource lib="Device" part="Fuse" description="Fuse"/>
      <property name="Sheetname" value=""/>
      <property name="Sheetfile" value="RPM_Sensor.kicad_sch"/>
      <sheetpath names="/" tstamps="/"/>
      <tstamps>f229d2af-f920-44cd-8cfd-89ddf59b9f17</tstamps>
    </comp>
    <comp ref="IC1">
      <value>NCV1117</value>
      <footprint>SamacSys_Parts:LM317MADTRKG</footprint>
      <datasheet>https://componentsearchengine.com/Datasheets/2/NCP1117DT50G.pdf</datasheet>
      <fields>
        <field name="Description">LDO Voltage Regulators 5.0V 1A Positive</field>
        <field name="Height">2.38</field>
        <field name="Manufacturer_Name">onsemi</field>
        <field name="Manufacturer_Part_Number">NCP1117DT50G</field>
        <field name="Mouser Part Number">863-NCP1117DT50G</field>
        <field name="Mouser Price/Stock">https://www.mouser.co.uk/ProductDetail/onsemi/NCP1117DT50G?qs=Gev%252BmEvV0iaXyZQB7E2Yhg%3D%3D</field>
      </fields>
      <libsource lib="SamacSys_Parts" part="NCP1117DT50G" description="LDO Voltage Regulators 5.0V 1A Positive"/>
      <property name="Description" value="LDO Voltage Regulators 5.0V 1A Positive"/>
      <property name="Height" value="2.38"/>
      <property name="Mouser Part Number" value="863-NCP1117DT50G"/>
      <property name="Mouser Price/Stock" value="https://www.mouser.co.uk/ProductDetail/onsemi/NCP1117DT50G?qs=Gev%252BmEvV0iaXyZQB7E2Yhg%3D%3D"/>
      <property name="Manufacturer_Name" value="onsemi"/>
      <property name="Manufacturer_Part_Number" value="NCP1117DT50G"/>
      <property name="Sheetname" value=""/>
      <property name="Sheetfile" value="RPM_Sensor.kicad_sch"/>
      <sheetpath names="/" tstamps="/"/>
      <tstamps>6b5cfbbf-a4dd-4c20-84b0-7f2a151dbbce</tstamps>
    </comp>
    <comp ref="J1">
      <value>Conn_01x02_Male</value>
      <footprint>Connector_PinHeader_1.27mm:PinHeader_1x02_P1.27mm_Vertical</footprint>
      <libsource lib="Connector" part="Conn_01x02_Male" description="Generic connector, single row, 01x02, script generated (kicad-library-utils/schlib/autogen/connector/)"/>
      <property name="Sheetname" value=""/>
      <property name="Sheetfile" value="RPM_Sensor.kicad_sch"/>
      <sheetpath names="/" tstamps="/"/>
      <tstamps>37ed3e06-ec01-4845-8ab9-bee353c3a093</tstamps>
    </comp>
    <comp ref="J2">
      <value>Conn_01x07_Female</value>
      <footprint>Connector_JST:JST_SH_BM06B-SRSS-TB_1x06-1MP_P1.00mm_Vertical</footprint>
      <libsource lib="Connector" part="Conn_01x06_Female" description="Generic connector, single row, 01x06, script generated (kicad-library-utils/schlib/autogen/connector/)"/>
      <property name="Sheetname" value=""/>
      <property name="Sheetfile" value="RPM_Sensor.kicad_sch"/>
      <sheetpath names="/" tstamps="/"/>
      <tstamps>24b64ffb-7853-4419-8940-26e5b893d875</tstamps>
    </comp>
    <comp ref="J6">
      <value>Conn_01x02_Male</value>
      <footprint>Connector_PinHeader_1.27mm:PinHeader_1x02_P1.27mm_Vertical</footprint>
      <libsource lib="Connector" part="Conn_01x02_Male" description="Generic connector, single row, 01x02, script generated (kicad-library-utils/schlib/autogen/connector/)"/>
      <property name="Sheetname" value=""/>
      <property name="Sheetfile" value="RPM_Sensor.kicad_sch"/>
      <sheetpath names="/" tstamps="/"/>
      <tstamps>9564e07f-0aef-4b52-b8f6-57b6abf05520</tstamps>
    </comp>
    <comp ref="J9">
      <value>Conn_01x03_Female</value>
      <footprint>Connector_PinHeader_1.27mm:PinHeader_1x03_P1.27mm_Vertical</footprint>
      <libsource lib="Connector" part="Conn_01x03_Female" description="Generic connector, single row, 01x03, script generated (kicad-library-utils/schlib/autogen/connector/)"/>
      <property name="Sheetname" value=""/>
      <property name="Sheetfile" value="RPM_Sensor.kicad_sch"/>
      <sheetpath names="/" tstamps="/"/>
      <tstamps>b39c5f5a-591e-42e3-a492-4fabccdbb6fe</tstamps>
    </comp>
    <comp ref="J10">
      <value>USB_B_Micro</value>
      <footprint>SamacSys_Parts:USB307030A</footprint>
      <libsource lib="Connector" part="USB_B_Micro" description="USB Micro Type B connector"/>
      <property name="Sheetname" value=""/>
      <property name="Sheetfile" value="RPM_Sensor.kicad_sch"/>
      <sheetpath names="/" tstamps="/"/>
      <tstamps>2425a5c5-6b9e-4f11-bf7f-637887066f2d</tstamps>
    </comp>
    <comp ref="R1">
      <value>1M</value>
      <footprint>Resistor_SMD:R_0402_1005Metric</footprint>
      <libsource lib="Device" part="R" description="Resistor"/>
      <property name="Sheetname" value=""/>
      <property name="Sheetfile" value="RPM_Sensor.kicad_sch"/>
      <sheetpath names="/" tstamps="/"/>
      <tstamps>bc95addb-d89c-4980-b805-56ef36761099</tstamps>
    </comp>
    <comp ref="R2">
      <value>10k</value>
      <footprint>Resistor_SMD:R_0402_1005Metric</footprint>
      <libsource lib="Device" part="R_Small" description="Resistor, small symbol"/>
      <property name="Sheetname" value=""/>
      <property name="Sheetfile" value="RPM_Sensor.kicad_sch"/>
      <sheetpath names="/" tstamps="/"/>
      <tstamps>07df7f0c-3f8d-4520-830c-4ec856bd18f0</tstamps>
    </comp>
    <comp ref="R3">
      <value>R_Small</value>
      <footprint>Resistor_SMD:R_0402_1005Metric</footprint>
      <libsource lib="Device" part="R_Small" description="Resistor, small symbol"/>
      <property name="Sheetname" value=""/>
      <property name="Sheetfile" value="RPM_Sensor.kicad_sch"/>
      <sheetpath names="/" tstamps="/"/>
      <tstamps>bea97a22-78df-4df8-9a32-13449293f274</tstamps>
    </comp>
    <comp ref="R4">
      <value>1k</value>
      <footprint>Resistor_SMD:R_0402_1005Metric</footprint>
      <libsource lib="Device" part="R" description="Resistor"/>
      <property name="Sheetname" value=""/>
      <property name="Sheetfile" value="RPM_Sensor.kicad_sch"/>
      <sheetpath names="/" tstamps="/"/>
      <tstamps>5460788a-4ed4-4911-9217-738313658138</tstamps>
    </comp>
    <comp ref="R6">
      <value>22</value>
      <footprint>Resistor_SMD:R_0402_1005Metric</footprint>
      <libsource lib="Device" part="R" description="Resistor"/>
      <property name="Sheetname" value=""/>
      <property name="Sheetfile" value="RPM_Sensor.kicad_sch"/>
      <sheetpath names="/" tstamps="/"/>
      <tstamps>876497fc-e764-4834-92b3-bc7802fdcd70</tstamps>
    </comp>
    <comp ref="R7">
      <value>22</value>
      <footprint>Resistor_SMD:R_0402_1005Metric</footprint>
      <libsource lib="Device" part="R" description="Resistor"/>
      <property name="Sheetname" value=""/>
      <property name="Sheetfile" value="RPM_Sensor.kicad_sch"/>
      <sheetpath names="/" tstamps="/"/>
      <tstamps>0e0be3b4-272a-42dd-b1d5-9275a897f486</tstamps>
    </comp>
    <comp ref="R8">
      <value>1k</value>
      <footprint>Resistor_SMD:R_0402_1005Metric</footprint>
      <libsource lib="Device" part="R" description="Resistor"/>
      <property name="Sheetname" value=""/>
      <property name="Sheetfile" value="RPM_Sensor.kicad_sch"/>
      <sheetpath names="/" tstamps="/"/>
      <tstamps>24493a85-75c9-40c7-9837-750852ae0255</tstamps>
    </comp>
    <comp ref="R9">
      <value>1k</value>
      <footprint>Resistor_SMD:R_0402_1005Metric</footprint>
      <libsource lib="Device" part="R" description="Resistor"/>
      <property name="Sheetname" value=""/>
      <property name="Sheetfile" value="RPM_Sensor.kicad_sch"/>
      <sheetpath names="/" tstamps="/"/>
      <tstamps>e7e1b7d2-33ed-4e41-90ce-196c3110fb3c</tstamps>
    </comp>
    <comp ref="R10">
      <value>270</value>
      <footprint>Resistor_SMD:R_0402_1005Metric</footprint>
      <libsource lib="Device" part="R" description="Resistor"/>
      <property name="Sheetname" value=""/>
      <property name="Sheetfile" value="RPM_Sensor.kicad_sch"/>
      <sheetpath names="/" tstamps="/"/>
      <tstamps>bef18444-19ba-4fc4-93e2-6543b715a08a</tstamps>
    </comp>
    <comp ref="SW1">
      <value>RESET</value>
      <footprint>Connector_PinHeader_1.00mm:PinHeader_1x02_P1.00mm_Vertical</footprint>
      <libsource lib="Connector" part="Conn_01x02_Female" description="Generic connector, single row, 01x02, script generated (kicad-library-utils/schlib/autogen/connector/)"/>
      <property name="Sheetname" value=""/>
      <property name="Sheetfile" value="RPM_Sensor.kicad_sch"/>
      <sheetpath names="/" tstamps="/"/>
      <tstamps>08fa40e6-685e-47dd-b927-0a90183ddf79</tstamps>
    </comp>
    <comp ref="U2">
      <value>ATMEGA2560-16AU</value>
      <footprint>SamacSys_Parts:QFP50P1600X1600X120-100N</footprint>
      <fields>
        <field name="MANUFACTURER">Atmel</field>
      </fields>
      <libsource lib="ATMEGA2560" part="ATMEGA2560-16AU" description=""/>
      <property name="MANUFACTURER" value="Atmel"/>
      <property name="Sheetname" value=""/>
      <property name="Sheetfile" value="RPM_Sensor.kicad_sch"/>
      <sheetpath names="/" tstamps="/"/>
      <tstamps>9f6868e8-24b2-4ccf-845d-5f4f36179283</tstamps>
    </comp>
    <comp ref="U3">
      <value>ATmega8U2-M</value>
      <footprint>Package_DFN_QFN:QFN-32-1EP_5x5mm_P0.5mm_EP3.1x3.1mm</footprint>
      <datasheet>http://ww1.microchip.com/downloads/en/DeviceDoc/doc7799.pdf</datasheet>
      <libsource lib="MCU_Microchip_ATmega" part="ATmega8U2-M" description="16MHz, 8kB Flash, 512B SRAM, 512B EEPROM, QFN-32"/>
      <property name="Sheetname" value=""/>
      <property name="Sheetfile" value="RPM_Sensor.kicad_sch"/>
      <sheetpath names="/" tstamps="/"/>
      <tstamps>e7e0af3a-fc59-42a6-988a-911ef815c2cb</tstamps>
    </comp>
    <comp ref="Y1">
      <value>Resonator_Small</value>
      <footprint>SamacSys_Parts:CSTNE16M0V530000R0</footprint>
      <libsource lib="Device" part="Resonator_Small" description="Three pin ceramic resonator, small symbol"/>
      <property name="Sheetname" value=""/>
      <property name="Sheetfile" value="RPM_Sensor.kicad_sch"/>
      <sheetpath names="/" tstamps="/"/>
      <tstamps>958f924a-0559-4bb1-a963-63d174ddc00e</tstamps>
    </comp>
    <comp ref="Y2">
      <value>Crystal</value>
      <footprint>SamacSys_Parts:HC_49US__AT49_PTH</footprint>
      <libsource lib="Device" part="Crystal" description="Two pin crystal"/>
      <property name="Sheetname" value=""/>
      <property name="Sheetfile" value="RPM_Sensor.kicad_sch"/>
      <sheetpath names="/" tstamps="/"/>
      <tstamps>8245628a-0787-4bd3-a51e-585db2320322</tstamps>
    </comp>
  </components>
  <libparts>
    <libpart lib="ATMEGA2560" part="ATMEGA2560-16AU">
      <fields>
        <field name="Reference">U2</field>
        <field name="Value">ATMEGA2560-16AU</field>
        <field name="Footprint">QFP50P1600X1600X120-100N</field>
        <field name="MANUFACTURER">Atmel</field>
      </fields>
      <pins>
        <pin num="1" name="PG5" type="bidirectional"/>
        <pin num="2" name="PE0" type="bidirectional"/>
        <pin num="3" name="PE1" type="bidirectional"/>
        <pin num="4" name="PE2" type="bidirectional"/>
        <pin num="5" name="PE3" type="bidirectional"/>
        <pin num="6" name="PE4" type="bidirectional"/>
        <pin num="7" name="PE5" type="bidirectional"/>
        <pin num="8" name="PE6" type="bidirectional"/>
        <pin num="9" name="PE7" type="bidirectional"/>
        <pin num="10" name="VCC" type="power_in"/>
        <pin num="11" name="GND" type="power_in"/>
        <pin num="12" name="PH0" type="bidirectional"/>
        <pin num="13" name="PH1" type="bidirectional"/>
        <pin num="14" name="PH2" type="bidirectional"/>
        <pin num="15" name="PH3" type="bidirectional"/>
        <pin num="16" name="PH4" type="bidirectional"/>
        <pin num="17" name="PH5" type="bidirectional"/>
        <pin num="18" name="PH6" type="bidirectional"/>
        <pin num="19" name="PB0" type="bidirectional"/>
        <pin num="20" name="PB1" type="bidirectional"/>
        <pin num="21" name="PB2" type="bidirectional"/>
        <pin num="22" name="PB3" type="bidirectional"/>
        <pin num="23" name="PB4" type="bidirectional"/>
        <pin num="24" name="PB5" type="bidirectional"/>
        <pin num="25" name="PB6" type="bidirectional"/>
        <pin num="26" name="PB7" type="bidirectional"/>
        <pin num="27" name="PH7" type="bidirectional"/>
        <pin num="28" name="PG3" type="bidirectional"/>
        <pin num="29" name="PG4" type="bidirectional"/>
        <pin num="30" name="~{RESET}" type="input"/>
        <pin num="31" name="VCC" type="power_in"/>
        <pin num="32" name="GND" type="power_in"/>
        <pin num="33" name="XTAL2" type="output"/>
        <pin num="34" name="XTAL1" type="input"/>
        <pin num="35" name="PL0" type="bidirectional"/>
        <pin num="36" name="PL1" type="bidirectional"/>
        <pin num="37" name="PL2" type="bidirectional"/>
        <pin num="38" name="PL3" type="bidirectional"/>
        <pin num="39" name="PL4" type="bidirectional"/>
        <pin num="40" name="PL5" type="bidirectional"/>
        <pin num="41" name="PL6" type="bidirectional"/>
        <pin num="42" name="PL7" type="bidirectional"/>
        <pin num="43" name="PD0" type="bidirectional"/>
        <pin num="44" name="PD1" type="bidirectional"/>
        <pin num="45" name="PD2" type="bidirectional"/>
        <pin num="46" name="PD3" type="bidirectional"/>
        <pin num="47" name="PD4" type="bidirectional"/>
        <pin num="48" name="PD5" type="bidirectional"/>
        <pin num="49" name="PD6" type="bidirectional"/>
        <pin num="50" name="PD7" type="bidirectional"/>
        <pin num="51" name="PG0" type="bidirectional"/>
        <pin num="52" name="PG1" type="bidirectional"/>
        <pin num="53" name="PC0" type="bidirectional"/>
        <pin num="54" name="PC1" type="bidirectional"/>
        <pin num="55" name="PC2" type="bidirectional"/>
        <pin num="56" name="PC3" type="bidirectional"/>
        <pin num="57" name="PC4" type="bidirectional"/>
        <pin num="58" name="PC5" type="bidirectional"/>
        <pin num="59" name="PC6" type="bidirectional"/>
        <pin num="60" name="PC7" type="bidirectional"/>
        <pin num="61" name="VCC" type="power_in"/>
        <pin num="62" name="GND" type="power_in"/>
        <pin num="63" name="PJ0" type="bidirectional"/>
        <pin num="64" name="PJ1" type="bidirectional"/>
        <pin num="65" name="PJ2" type="bidirectional"/>
        <pin num="66" name="PJ3" type="bidirectional"/>
        <pin num="67" name="PJ4" type="bidirectional"/>
        <pin num="68" name="PJ5" type="bidirectional"/>
        <pin num="69" name="PJ6" type="bidirectional"/>
        <pin num="70" name="PG2" type="bidirectional"/>
        <pin num="71" name="PA7" type="bidirectional"/>
        <pin num="72" name="PA6" type="bidirectional"/>
        <pin num="73" name="PA5" type="bidirectional"/>
        <pin num="74" name="PA4" type="bidirectional"/>
        <pin num="75" name="PA3" type="bidirectional"/>
        <pin num="76" name="PA2" type="bidirectional"/>
        <pin num="77" name="PA1" type="bidirectional"/>
        <pin num="78" name="PA0" type="bidirectional"/>
        <pin num="79" name="PJ7" type="bidirectional"/>
        <pin num="80" name="VCC" type="power_in"/>
        <pin num="81" name="GND" type="power_in"/>
        <pin num="82" name="PK7" type="bidirectional"/>
        <pin num="83" name="PK6" type="bidirectional"/>
        <pin num="84" name="PK5" type="bidirectional"/>
        <pin num="85" name="PK4" type="bidirectional"/>
        <pin num="86" name="PK3" type="bidirectional"/>
        <pin num="87" name="PK2" type="bidirectional"/>
        <pin num="88" name="PK1" type="bidirectional"/>
        <pin num="89" name="PK0" type="bidirectional"/>
        <pin num="90" name="PF7" type="bidirectional"/>
        <pin num="91" name="PF6" type="bidirectional"/>
        <pin num="92" name="PF5" type="bidirectional"/>
        <pin num="93" name="PF4" type="bidirectional"/>
        <pin num="94" name="PF3" type="bidirectional"/>
        <pin num="95" name="PF2" type="bidirectional"/>
        <pin num="96" name="PF1" type="bidirectional"/>
        <pin num="97" name="PF0" type="bidirectional"/>
        <pin num="98" name="AREF" type="input"/>
        <pin num="99" name="GND" type="power_in"/>
        <pin num="100" name="AVCC" type="power_in"/>
      </pins>
    </libpart>
    <libpart lib="Connector" part="Conn_01x02_Female">
      <description>Generic connector, single row, 01x02, script generated (kicad-library-utils/schlib/autogen/connector/)</description>
      <docs>~</docs>
      <footprints>
        <fp>Connector*:*_1x??_*</fp>
      </footprints>
      <fields>
        <field name="Reference">J</field>
        <field name="Value">Conn_01x02_Female</field>
        <field name="Datasheet">~</field>
      </fields>
      <pins>
        <pin num="1" name="Pin_1" type="passive"/>
        <pin num="2" name="Pin_2" type="passive"/>
      </pins>
    </libpart>
    <libpart lib="Connector" part="Conn_01x02_Male">
      <description>Generic connector, single row, 01x02, script generated (kicad-library-utils/schlib/autogen/connector/)</description>
      <docs>~</docs>
      <footprints>
        <fp>Connector*:*_1x??_*</fp>
      </footprints>
      <fields>
        <field name="Reference">J</field>
        <field name="Value">Conn_01x02_Male</field>
        <field name="Datasheet">~</field>
      </fields>
      <pins>
        <pin num="1" name="Pin_1" type="passive"/>
        <pin num="2" name="Pin_2" type="passive"/>
      </pins>
    </libpart>
    <libpart lib="Connector" part="Conn_01x03_Female">
      <description>Generic connector, single row, 01x03, script generated (kicad-library-utils/schlib/autogen/connector/)</description>
      <docs>~</docs>
      <footprints>
        <fp>Connector*:*_1x??_*</fp>
      </footprints>
      <fields>
        <field name="Reference">J</field>
        <field name="Value">Conn_01x03_Female</field>
        <field name="Datasheet">~</field>
      </fields>
      <pins>
        <pin num="1" name="Pin_1" type="passive"/>
        <pin num="2" name="Pin_2" type="passive"/>
        <pin num="3" name="Pin_3" type="passive"/>
      </pins>
    </libpart>
    <libpart lib="Connector" part="Conn_01x06_Female">
      <description>Generic connector, single row, 01x06, script generated (kicad-library-utils/schlib/autogen/connector/)</description>
      <docs>~</docs>
      <footprints>
        <fp>Connector*:*_1x??_*</fp>
      </footprints>
      <fields>
        <field name="Reference">J</field>
        <field name="Value">Conn_01x06_Female</field>
        <field name="Datasheet">~</field>
      </fields>
      <pins>
        <pin num="1" name="Pin_1" type="passive"/>
        <pin num="2" name="Pin_2" type="passive"/>
        <pin num="3" name="Pin_3" type="passive"/>
        <pin num="4" name="Pin_4" type="passive"/>
        <pin num="5" name="Pin_5" type="passive"/>
        <pin num="6" name="Pin_6" type="passive"/>
      </pins>
    </libpart>
    <libpart lib="Connector" part="USB_B_Micro">
      <description>USB Micro Type B connector</description>
      <docs>~</docs>
      <footprints>
        <fp>USB*</fp>
      </footprints>
      <fields>
        <field name="Reference">J</field>
        <field name="Value">USB_B_Micro</field>
        <field name="Datasheet">~</field>
      </fields>
      <pins>
        <pin num="1" name="VBUS" type="power_out"/>
        <pin num="2" name="D-" type="bidirectional"/>
        <pin num="3" name="D+" type="bidirectional"/>
        <pin num="4" name="ID" type="passive"/>
        <pin num="5" name="GND" type="power_out"/>
        <pin num="6" name="Shield" type="passive"/>
      </pins>
    </libpart>
    <libpart lib="Device" part="C">
      <description>Unpolarized capacitor</description>
      <docs>~</docs>
      <footprints>
        <fp>C_*</fp>
      </footprints>
      <fields>
        <field name="Reference">C</field>
        <field name="Value">C</field>
        <field name="Datasheet">~</field>
      </fields>
      <pins>
        <pin num="1" name="" type="passive"/>
        <pin num="2" name="" type="passive"/>
      </pins>
    </libpart>
    <libpart lib="Device" part="C_Polarized_Small">
      <description>Polarized capacitor, small symbol</description>
      <docs>~</docs>
      <footprints>
        <fp>CP_*</fp>
      </footprints>
      <fields>
        <field name="Reference">C</field>
        <field name="Value">C_Polarized_Small</field>
        <field name="Datasheet">~</field>
      </fields>
      <pins>
        <pin num="1" name="" type="passive"/>
        <pin num="2" name="" type="passive"/>
      </pins>
    </libpart>
    <libpart lib="Device" part="Crystal">
      <description>Two pin crystal</description>
      <docs>~</docs>
      <footprints>
        <fp>Crystal*</fp>
      </footprints>
      <fields>
        <field name="Reference">Y</field>
        <field name="Value">Crystal</field>
        <field name="Datasheet">~</field>
      </fields>
      <pins>
        <pin num="1" name="1" type="passive"/>
        <pin num="2" name="2" type="passive"/>
      </pins>
    </libpart>
    <libpart lib="Device" part="Fuse">
      <description>Fuse</description>
      <docs>~</docs>
      <footprints>
        <fp>*Fuse*</fp>
      </footprints>
      <fields>
        <field name="Reference">F</field>
        <field name="Value">Fuse</field>
        <field name="Datasheet">~</field>
      </fields>
      <pins>
        <pin num="1" name="" type="passive"/>
        <pin num="2" name="" type="passive"/>
      </pins>
    </libpart>
    <libpart lib="Device" part="LED">
      <description>Light emitting diode</description>
      <docs>~</docs>
      <footprints>
        <fp>LED*</fp>
        <fp>LED_SMD:*</fp>
        <fp>LED_THT:*</fp>
      </footprints>
      <fields>
        <field name="Reference">D</field>
        <field name="Value">LED</field>
        <field name="Datasheet">~</field>
      </fields>
      <pins>
        <pin num="1" name="K" type="passive"/>
        <pin num="2" name="A" type="passive"/>
      </pins>
    </libpart>
    <libpart lib="Device" part="R">
      <description>Resistor</description>
      <docs>~</docs>
      <footprints>
        <fp>R_*</fp>
      </footprints>
      <fields>
        <field name="Reference">R</field>
        <field name="Value">R</field>
        <field name="Datasheet">~</field>
      </fields>
      <pins>
        <pin num="1" name="" type="passive"/>
        <pin num="2" name="" type="passive"/>
      </pins>
    </libpart>
    <libpart lib="Device" part="R_Small">
      <description>Resistor, small symbol</description>
      <docs>~</docs>
      <footprints>
        <fp>R_*</fp>
      </footprints>
      <fields>
        <field name="Reference">R</field>
        <field name="Value">R_Small</field>
        <field name="Datasheet">~</field>
      </fields>
      <pins>
        <pin num="1" name="" type="passive"/>
        <pin num="2" name="" type="passive"/>
      </pins>
    </libpart>
    <libpart lib="Device" part="Resonator_Small">
      <description>Three pin ceramic resonator, small symbol</description>
      <docs>~</docs>
      <footprints>
        <fp>Filter*</fp>
        <fp>Resonator*</fp>
      </footprints>
      <fields>
        <field name="Reference">Y</field>
        <field name="Value">Resonator_Small</field>
        <field name="Datasheet">~</field>
      </fields>
      <pins>
        <pin num="1" name="1" type="passive"/>
        <pin num="2" name="2" type="passive"/>
        <pin num="3" name="3" type="passive"/>
      </pins>
    </libpart>
    <libpart lib="MCU_Microchip_ATmega" part="ATmega8U2-M">
      <description>16MHz, 8kB Flash, 512B SRAM, 512B EEPROM, QFN-32</description>
      <docs>http://ww1.microchip.com/downloads/en/DeviceDoc/doc7799.pdf</docs>
      <footprints>
        <fp>QFN*1EP*5x5mm*P0.5mm*</fp>
      </footprints>
      <fields>
        <field name="Reference">U3</field>
        <field name="Value">ATmega8U2-M</field>
        <field name="Footprint">Package_DFN_QFN:QFN-32-1EP_5x5mm_P0.5mm_EP3.1x3.1mm</field>
        <field name="Datasheet">http://ww1.microchip.com/downloads/en/DeviceDoc/doc7799.pdf</field>
      </fields>
      <pins>
        <pin num="1" name="XTAL1" type="input"/>
        <pin num="2" name="PC0/XTAL2" type="bidirectional"/>
        <pin num="3" name="GND" type="power_in"/>
        <pin num="4" name="VCC" type="power_in"/>
        <pin num="5" name="PC2" type="bidirectional"/>
        <pin num="6" name="PD0" type="bidirectional"/>
        <pin num="7" name="PD1" type="bidirectional"/>
        <pin num="8" name="PD2" type="bidirectional"/>
        <pin num="9" name="PD3" type="bidirectional"/>
        <pin num="10" name="PD4" type="bidirectional"/>
        <pin num="11" name="PD5" type="bidirectional"/>
        <pin num="12" name="PD6" type="bidirectional"/>
        <pin num="13" name="~{HWB}/PD7" type="bidirectional"/>
        <pin num="14" name="PB0" type="bidirectional"/>
        <pin num="15" name="PB1" type="bidirectional"/>
        <pin num="16" name="PB2" type="bidirectional"/>
        <pin num="17" name="PB3" type="bidirectional"/>
        <pin num="18" name="PB4" type="bidirectional"/>
        <pin num="19" name="PB5" type="bidirectional"/>
        <pin num="20" name="PB6" type="bidirectional"/>
        <pin num="21" name="PB7" type="bidirectional"/>
        <pin num="22" name="PC7" type="bidirectional"/>
        <pin num="23" name="PC6" type="bidirectional"/>
        <pin num="24" name="PC1/~{RESET}" type="bidirectional"/>
        <pin num="25" name="PC5" type="bidirectional"/>
        <pin num="26" name="PC4" type="bidirectional"/>
        <pin num="27" name="UCAP" type="passive"/>
        <pin num="28" name="UGND" type="power_in"/>
        <pin num="29" name="D+" type="bidirectional"/>
        <pin num="30" name="D-" type="bidirectional"/>
        <pin num="31" name="UVCC" type="power_in"/>
        <pin num="32" name="AVCC" type="power_in"/>
        <pin num="33" name="GND" type="passive"/>
      </pins>
    </libpart>
    <libpart lib="SamacSys_Parts" part="NCP1117DT50G">
      <description>LDO Voltage Regulators 5.0V 1A Positive</description>
      <docs>https://componentsearchengine.com/Datasheets/2/NCP1117DT50G.pdf</docs>
      <fields>
        <field name="Reference">IC?</field>
        <field name="Value">NCP1117DT50G</field>
        <field name="Footprint">LM317MADTRKG</field>
        <field name="Datasheet">https://componentsearchengine.com/Datasheets/2/NCP1117DT50G.pdf</field>
        <field name="Description">LDO Voltage Regulators 5.0V 1A Positive</field>
        <field name="Height">2.38</field>
        <field name="Mouser Part Number">863-NCP1117DT50G</field>
        <field name="Mouser Price/Stock">https://www.mouser.co.uk/ProductDetail/onsemi/NCP1117DT50G?qs=Gev%252BmEvV0iaXyZQB7E2Yhg%3D%3D</field>
        <field name="Manufacturer_Name">onsemi</field>
        <field name="Manufacturer_Part_Number">NCP1117DT50G</field>
      </fields>
      <pins>
        <pin num="1" name="GND" type="passive"/>
        <pin num="2" name="OUT" type="passive"/>
        <pin num="3" name="IN" type="passive"/>
      </pins>
    </libpart>
  </libparts>
  <libraries>
    <library logical="Connector">
      <uri>C:\Program Files\KiCad\6.0\share\kicad\symbols\/Connector.kicad_sym</uri>
    </library>
    <library logical="Device">
      <uri>C:\Program Files\KiCad\6.0\share\kicad\symbols\/Device.kicad_sym</uri>
    </library>
    <library logical="MCU_Microchip_ATmega">
      <uri>C:\Program Files\KiCad\6.0\share\kicad\symbols\/MCU_Microchip_ATmega.kicad_sym</uri>
    </library>
    <library logical="SamacSys_Parts">
      <uri>C:/SamacSys_PCB_Library/KiCad/SamacSys_Parts.lib</uri>
    </library>
  </libraries>
  <nets>
    <net code="1" name="/RESET">
      <node ref="R2" pin="2" pintype="passive"/>
      <node ref="SW1" pin="2" pinfunction="Pin_2" pintype="passive"/>
      <node ref="U2" pin="30" pinfunction="~{RESET}" pintype="input"/>
    </net>
    <net code="2" name="/UD+">
      <node ref="J10" pin="3" pinfunction="D+" pintype="bidirectional"/>
      <node ref="R7" pin="1" pintype="passive"/>
    </net>
    <net code="3" name="/UD-">
      <node ref="J10" pin="2" pinfunction="D-" pintype="bidirectional"/>
      <node ref="R6" pin="1" pintype="passive"/>
    </net>
    <net code="4" name="5V_OUT">
      <node ref="C11" pin="1" pintype="passive"/>
      <node ref="C3" pin="1" pintype="passive"/>
      <node ref="C6" pin="1" pintype="passive"/>
      <node ref="C7" pin="1" pintype="passive"/>
      <node ref="C8" pin="1" pintype="passive"/>
      <node ref="IC1" pin="2" pinfunction="OUT" pintype="passive"/>
      <node ref="R10" pin="2" pintype="passive"/>
      <node ref="R2" pin="1" pintype="passive"/>
      <node ref="R3" pin="1" pintype="passive"/>
      <node ref="U2" pin="10" pinfunction="VCC" pintype="power_in"/>
      <node ref="U2" pin="100" pinfunction="AVCC" pintype="power_in"/>
      <node ref="U2" pin="31" pinfunction="VCC" pintype="power_in"/>
      <node ref="U2" pin="61" pinfunction="VCC" pintype="power_in"/>
      <node ref="U2" pin="80" pinfunction="VCC" pintype="power_in"/>
      <node ref="U3" pin="32" pinfunction="AVCC" pintype="power_in"/>
      <node ref="U3" pin="4" pinfunction="VCC" pintype="power_in"/>
    </net>
    <net code="5" name="D+">
      <node ref="R7" pin="2" pintype="passive"/>
      <node ref="U3" pin="29" pinfunction="D+" pintype="bidirectional"/>
    </net>
    <net code="6" name="D-">
      <node ref="R6" pin="2" pintype="passive"/>
      <node ref="U3" pin="30" pinfunction="D-" pintype="bidirectional"/>
    </net>
    <net code="7" name="Earth">
      <node ref="C9" pin="2" pintype="passive"/>
      <node ref="J10" pin="6" pinfunction="Shield" pintype="passive"/>
      <node ref="R4" pin="2" pintype="passive"/>
    </net>
    <net code="8" name="FUSE">
      <node ref="F1" pin="2" pintype="passive"/>
      <node ref="J10" pin="1" pinfunction="VBUS" pintype="power_out"/>
    </net>
    <net code="9" name="GND">
      <node ref="C1" pin="1" pintype="passive"/>
      <node ref="C10" pin="1" pintype="passive"/>
      <node ref="C11" pin="2" pintype="passive"/>
      <node ref="C14" pin="1" pintype="passive"/>
      <node ref="C15" pin="2" pintype="passive"/>
      <node ref="C2" pin="2" pintype="passive"/>
      <node ref="C3" pin="2" pintype="passive"/>
      <node ref="C5" pin="2" pintype="passive"/>
      <node ref="C6" pin="2" pintype="passive"/>
      <node ref="C7" pin="2" pintype="passive"/>
      <node ref="C8" pin="2" pintype="passive"/>
      <node ref="D1" pin="1" pinfunction="K" pintype="passive"/>
      <node ref="IC1" pin="1" pinfunction="GND" pintype="passive"/>
      <node ref="J10" pin="5" pinfunction="GND" pintype="power_out"/>
      <node ref="J6" pin="2" pinfunction="Pin_2" pintype="passive"/>
      <node ref="J9" pin="2" pinfunction="Pin_2" pintype="passive"/>
      <node ref="SW1" pin="1" pinfunction="Pin_1" pintype="passive"/>
      <node ref="U2" pin="11" pinfunction="GND" pintype="power_in"/>
      <node ref="U2" pin="32" pinfunction="GND" pintype="power_in"/>
      <node ref="U2" pin="62" pinfunction="GND" pintype="power_in"/>
      <node ref="U2" pin="81" pinfunction="GND" pintype="power_in"/>
      <node ref="U2" pin="99" pinfunction="GND" pintype="power_in"/>
      <node ref="U3" pin="28" pinfunction="UGND" pintype="power_in"/>
      <node ref="U3" pin="3" pinfunction="GND" pintype="power_in"/>
      <node ref="U3" pin="33" pinfunction="GND" pintype="passive"/>
      <node ref="Y1" pin="2" pinfunction="2" pintype="passive"/>
    </net>
    <net code="10" name="GND2">
      <node ref="C9" pin="1" pintype="passive"/>
      <node ref="R4" pin="1" pintype="passive"/>
    </net>
    <net code="11" name="Net-(C1-Pad2)">
      <node ref="C1" pin="2" pintype="passive"/>
      <node ref="U3" pin="27" pinfunction="UCAP" pintype="passive"/>
    </net>
    <net code="12" name="Net-(C5-Pad1)">
      <node ref="C5" pin="1" pintype="passive"/>
      <node ref="U2" pin="98" pinfunction="AREF" pintype="input"/>
    </net>
    <net code="13" name="Net-(C10-Pad2)">
      <node ref="C10" pin="2" pintype="passive"/>
      <node ref="F1" pin="1" pintype="passive"/>
      <node ref="U3" pin="31" pinfunction="UVCC" pintype="power_in"/>
    </net>
    <net code="14" name="Net-(C14-Pad2)">
      <node ref="C14" pin="2" pintype="passive"/>
      <node ref="U3" pin="1" pinfunction="XTAL1" pintype="input"/>
      <node ref="Y2" pin="2" pinfunction="2" pintype="passive"/>
    </net>
    <net code="15" name="Net-(C15-Pad1)">
      <node ref="C15" pin="1" pintype="passive"/>
      <node ref="U3" pin="2" pinfunction="PC0/XTAL2" pintype="bidirectional"/>
      <node ref="Y2" pin="1" pinfunction="1" pintype="passive"/>
    </net>
    <net code="16" name="Net-(D1-Pad2)">
      <node ref="D1" pin="2" pinfunction="A" pintype="passive"/>
      <node ref="R10" pin="1" pintype="passive"/>
    </net>
    <net code="17" name="Net-(R1-Pad1)">
      <node ref="R1" pin="1" pintype="passive"/>
      <node ref="U2" pin="34" pinfunction="XTAL1" pintype="input"/>
      <node ref="Y1" pin="3" pinfunction="3" pintype="passive"/>
    </net>
    <net code="18" name="Net-(R1-Pad2)">
      <node ref="R1" pin="2" pintype="passive"/>
      <node ref="U2" pin="33" pinfunction="XTAL2" pintype="output"/>
      <node ref="Y1" pin="1" pinfunction="1" pintype="passive"/>
    </net>
    <net code="19" name="Net-(R3-Pad2)">
      <node ref="R3" pin="2" pintype="passive"/>
      <node ref="U3" pin="24" pinfunction="PC1/~{RESET}" pintype="bidirectional"/>
    </net>
    <net code="20" name="Net-(R8-Pad1)">
      <node ref="R8" pin="1" pintype="passive"/>
      <node ref="U3" pin="8" pinfunction="PD2" pintype="bidirectional"/>
    </net>
    <net code="21" name="Net-(R9-Pad1)">
      <node ref="R9" pin="1" pintype="passive"/>
      <node ref="U3" pin="9" pinfunction="PD3" pintype="bidirectional"/>
    </net>
    <net code="22" name="PE0">
      <node ref="R9" pin="2" pintype="passive"/>
      <node ref="U2" pin="2" pinfunction="PE0" pintype="bidirectional"/>
    </net>
    <net code="23" name="PE1">
      <node ref="R8" pin="2" pintype="passive"/>
      <node ref="U2" pin="3" pinfunction="PE1" pintype="bidirectional"/>
    </net>
    <net code="24" name="POWER_IN">
      <node ref="C2" pin="1" pintype="passive"/>
      <node ref="IC1" pin="3" pinfunction="IN" pintype="passive"/>
      <node ref="J6" pin="1" pinfunction="Pin_1" pintype="passive"/>
    </net>
    <net code="25" name="RPM_1">
      <node ref="J2" pin="6" pinfunction="Pin_6" pintype="passive"/>
      <node ref="U2" pin="6" pinfunction="PE4" pintype="bidirectional"/>
    </net>
    <net code="26" name="RPM_2">
      <node ref="J2" pin="5" pinfunction="Pin_5" pintype="passive"/>
      <node ref="U2" pin="7" pinfunction="PE5" pintype="bidirectional"/>
    </net>
    <net code="27" name="RPM_3">
      <node ref="J2" pin="4" pinfunction="Pin_4" pintype="passive"/>
      <node ref="U2" pin="45" pinfunction="PD2" pintype="bidirectional"/>
    </net>
    <net code="28" name="RPM_4">
      <node ref="J2" pin="3" pinfunction="Pin_3" pintype="passive"/>
      <node ref="U2" pin="46" pinfunction="PD3" pintype="bidirectional"/>
    </net>
    <net code="29" name="RX">
      <node ref="J9" pin="3" pinfunction="Pin_3" pintype="passive"/>
      <node ref="U2" pin="63" pinfunction="PJ0" pintype="bidirectional"/>
    </net>
    <net code="30" name="SCL">
      <node ref="J1" pin="2" pinfunction="Pin_2" pintype="passive"/>
      <node ref="J2" pin="1" pinfunction="Pin_1" pintype="passive"/>
      <node ref="U2" pin="43" pinfunction="PD0" pintype="bidirectional"/>
    </net>
    <net code="31" name="SDA">
      <node ref="J1" pin="1" pinfunction="Pin_1" pintype="passive"/>
      <node ref="J2" pin="2" pinfunction="Pin_2" pintype="passive"/>
      <node ref="U2" pin="44" pinfunction="PD1" pintype="bidirectional"/>
    </net>
    <net code="32" name="TX">
      <node ref="J9" pin="1" pinfunction="Pin_1" pintype="passive"/>
      <node ref="U2" pin="64" pinfunction="PJ1" pintype="bidirectional"/>
    </net>
    <net code="33" name="unconnected-(J10-Pad4)">
      <node ref="J10" pin="4" pinfunction="ID" pintype="passive+no_connect"/>
    </net>
    <net code="34" name="unconnected-(U2-Pad1)">
      <node ref="U2" pin="1" pinfunction="PG5" pintype="bidirectional"/>
    </net>
    <net code="35" name="unconnected-(U2-Pad4)">
      <node ref="U2" pin="4" pinfunction="PE2" pintype="bidirectional"/>
    </net>
    <net code="36" name="unconnected-(U2-Pad5)">
      <node ref="U2" pin="5" pinfunction="PE3" pintype="bidirectional"/>
    </net>
    <net code="37" name="unconnected-(U2-Pad8)">
      <node ref="U2" pin="8" pinfunction="PE6" pintype="bidirectional"/>
    </net>
    <net code="38" name="unconnected-(U2-Pad9)">
      <node ref="U2" pin="9" pinfunction="PE7" pintype="bidirectional"/>
    </net>
    <net code="39" name="unconnected-(U2-Pad12)">
      <node ref="U2" pin="12" pinfunction="PH0" pintype="bidirectional"/>
    </net>
    <net code="40" name="unconnected-(U2-Pad13)">
      <node ref="U2" pin="13" pinfunction="PH1" pintype="bidirectional"/>
    </net>
    <net code="41" name="unconnected-(U2-Pad14)">
      <node ref="U2" pin="14" pinfunction="PH2" pintype="bidirectional"/>
    </net>
    <net code="42" name="unconnected-(U2-Pad15)">
      <node ref="U2" pin="15" pinfunction="PH3" pintype="bidirectional"/>
    </net>
    <net code="43" name="unconnected-(U2-Pad16)">
      <node ref="U2" pin="16" pinfunction="PH4" pintype="bidirectional"/>
    </net>
    <net code="44" name="unconnected-(U2-Pad17)">
      <node ref="U2" pin="17" pinfunction="PH5" pintype="bidirectional"/>
    </net>
    <net code="45" name="unconnected-(U2-Pad18)">
      <node ref="U2" pin="18" pinfunction="PH6" pintype="bidirectional"/>
    </net>
    <net code="46" name="unconnected-(U2-Pad19)">
      <node ref="U2" pin="19" pinfunction="PB0" pintype="bidirectional"/>
    </net>
    <net code="47" name="unconnected-(U2-Pad20)">
      <node ref="U2" pin="20" pinfunction="PB1" pintype="bidirectional"/>
    </net>
    <net code="48" name="unconnected-(U2-Pad21)">
      <node ref="U2" pin="21" pinfunction="PB2" pintype="bidirectional"/>
    </net>
    <net code="49" name="unconnected-(U2-Pad22)">
      <node ref="U2" pin="22" pinfunction="PB3" pintype="bidirectional"/>
    </net>
    <net code="50" name="unconnected-(U2-Pad23)">
      <node ref="U2" pin="23" pinfunction="PB4" pintype="bidirectional"/>
    </net>
    <net code="51" name="unconnected-(U2-Pad24)">
      <node ref="U2" pin="24" pinfunction="PB5" pintype="bidirectional"/>
    </net>
    <net code="52" name="unconnected-(U2-Pad25)">
      <node ref="U2" pin="25" pinfunction="PB6" pintype="bidirectional"/>
    </net>
    <net code="53" name="unconnected-(U2-Pad26)">
      <node ref="U2" pin="26" pinfunction="PB7" pintype="bidirectional"/>
    </net>
    <net code="54" name="unconnected-(U2-Pad27)">
      <node ref="U2" pin="27" pinfunction="PH7" pintype="bidirectional"/>
    </net>
    <net code="55" name="unconnected-(U2-Pad28)">
      <node ref="U2" pin="28" pinfunction="PG3" pintype="bidirectional"/>
    </net>
    <net code="56" name="unconnected-(U2-Pad29)">
      <node ref="U2" pin="29" pinfunction="PG4" pintype="bidirectional"/>
    </net>
    <net code="57" name="unconnected-(U2-Pad35)">
      <node ref="U2" pin="35" pinfunction="PL0" pintype="bidirectional"/>
    </net>
    <net code="58" name="unconnected-(U2-Pad36)">
      <node ref="U2" pin="36" pinfunction="PL1" pintype="bidirectional"/>
    </net>
    <net code="59" name="unconnected-(U2-Pad37)">
      <node ref="U2" pin="37" pinfunction="PL2" pintype="bidirectional"/>
    </net>
    <net code="60" name="unconnected-(U2-Pad38)">
      <node ref="U2" pin="38" pinfunction="PL3" pintype="bidirectional"/>
    </net>
    <net code="61" name="unconnected-(U2-Pad39)">
      <node ref="U2" pin="39" pinfunction="PL4" pintype="bidirectional"/>
    </net>
    <net code="62" name="unconnected-(U2-Pad40)">
      <node ref="U2" pin="40" pinfunction="PL5" pintype="bidirectional"/>
    </net>
    <net code="63" name="unconnected-(U2-Pad41)">
      <node ref="U2" pin="41" pinfunction="PL6" pintype="bidirectional"/>
    </net>
    <net code="64" name="unconnected-(U2-Pad42)">
      <node ref="U2" pin="42" pinfunction="PL7" pintype="bidirectional"/>
    </net>
    <net code="65" name="unconnected-(U2-Pad47)">
      <node ref="U2" pin="47" pinfunction="PD4" pintype="bidirectional"/>
    </net>
    <net code="66" name="unconnected-(U2-Pad48)">
      <node ref="U2" pin="48" pinfunction="PD5" pintype="bidirectional"/>
    </net>
    <net code="67" name="unconnected-(U2-Pad49)">
      <node ref="U2" pin="49" pinfunction="PD6" pintype="bidirectional"/>
    </net>
    <net code="68" name="unconnected-(U2-Pad50)">
      <node ref="U2" pin="50" pinfunction="PD7" pintype="bidirectional"/>
    </net>
    <net code="69" name="unconnected-(U2-Pad51)">
      <node ref="U2" pin="51" pinfunction="PG0" pintype="bidirectional"/>
    </net>
    <net code="70" name="unconnected-(U2-Pad52)">
      <node ref="U2" pin="52" pinfunction="PG1" pintype="bidirectional"/>
    </net>
    <net code="71" name="unconnected-(U2-Pad53)">
      <node ref="U2" pin="53" pinfunction="PC0" pintype="bidirectional"/>
    </net>
    <net code="72" name="unconnected-(U2-Pad54)">
      <node ref="U2" pin="54" pinfunction="PC1" pintype="bidirectional"/>
    </net>
    <net code="73" name="unconnected-(U2-Pad55)">
      <node ref="U2" pin="55" pinfunction="PC2" pintype="bidirectional"/>
    </net>
    <net code="74" name="unconnected-(U2-Pad56)">
      <node ref="U2" pin="56" pinfunction="PC3" pintype="bidirectional"/>
    </net>
    <net code="75" name="unconnected-(U2-Pad57)">
      <node ref="U2" pin="57" pinfunction="PC4" pintype="bidirectional"/>
    </net>
    <net code="76" name="unconnected-(U2-Pad58)">
      <node ref="U2" pin="58" pinfunction="PC5" pintype="bidirectional"/>
    </net>
    <net code="77" name="unconnected-(U2-Pad59)">
      <node ref="U2" pin="59" pinfunction="PC6" pintype="bidirectional"/>
    </net>
    <net code="78" name="unconnected-(U2-Pad60)">
      <node ref="U2" pin="60" pinfunction="PC7" pintype="bidirectional"/>
    </net>
    <net code="79" name="unconnected-(U2-Pad65)">
      <node ref="U2" pin="65" pinfunction="PJ2" pintype="bidirectional"/>
    </net>
    <net code="80" name="unconnected-(U2-Pad66)">
      <node ref="U2" pin="66" pinfunction="PJ3" pintype="bidirectional"/>
    </net>
    <net code="81" name="unconnected-(U2-Pad67)">
      <node ref="U2" pin="67" pinfunction="PJ4" pintype="bidirectional"/>
    </net>
    <net code="82" name="unconnected-(U2-Pad68)">
      <node ref="U2" pin="68" pinfunction="PJ5" pintype="bidirectional"/>
    </net>
    <net code="83" name="unconnected-(U2-Pad69)">
      <node ref="U2" pin="69" pinfunction="PJ6" pintype="bidirectional"/>
    </net>
    <net code="84" name="unconnected-(U2-Pad70)">
      <node ref="U2" pin="70" pinfunction="PG2" pintype="bidirectional"/>
    </net>
    <net code="85" name="unconnected-(U2-Pad71)">
      <node ref="U2" pin="71" pinfunction="PA7" pintype="bidirectional"/>
    </net>
    <net code="86" name="unconnected-(U2-Pad72)">
      <node ref="U2" pin="72" pinfunction="PA6" pintype="bidirectional"/>
    </net>
    <net code="87" name="unconnected-(U2-Pad73)">
      <node ref="U2" pin="73" pinfunction="PA5" pintype="bidirectional"/>
    </net>
    <net code="88" name="unconnected-(U2-Pad74)">
      <node ref="U2" pin="74" pinfunction="PA4" pintype="bidirectional"/>
    </net>
    <net code="89" name="unconnected-(U2-Pad75)">
      <node ref="U2" pin="75" pinfunction="PA3" pintype="bidirectional"/>
    </net>
    <net code="90" name="unconnected-(U2-Pad76)">
      <node ref="U2" pin="76" pinfunction="PA2" pintype="bidirectional"/>
    </net>
    <net code="91" name="unconnected-(U2-Pad77)">
      <node ref="U2" pin="77" pinfunction="PA1" pintype="bidirectional"/>
    </net>
    <net code="92" name="unconnected-(U2-Pad78)">
      <node ref="U2" pin="78" pinfunction="PA0" pintype="bidirectional"/>
    </net>
    <net code="93" name="unconnected-(U2-Pad79)">
      <node ref="U2" pin="79" pinfunction="PJ7" pintype="bidirectional"/>
    </net>
    <net code="94" name="unconnected-(U2-Pad82)">
      <node ref="U2" pin="82" pinfunction="PK7" pintype="bidirectional"/>
    </net>
    <net code="95" name="unconnected-(U2-Pad83)">
      <node ref="U2" pin="83" pinfunction="PK6" pintype="bidirectional"/>
    </net>
    <net code="96" name="unconnected-(U2-Pad84)">
      <node ref="U2" pin="84" pinfunction="PK5" pintype="bidirectional"/>
    </net>
    <net code="97" name="unconnected-(U2-Pad85)">
      <node ref="U2" pin="85" pinfunction="PK4" pintype="bidirectional"/>
    </net>
    <net code="98" name="unconnected-(U2-Pad86)">
      <node ref="U2" pin="86" pinfunction="PK3" pintype="bidirectional"/>
    </net>
    <net code="99" name="unconnected-(U2-Pad87)">
      <node ref="U2" pin="87" pinfunction="PK2" pintype="bidirectional"/>
    </net>
    <net code="100" name="unconnected-(U2-Pad88)">
      <node ref="U2" pin="88" pinfunction="PK1" pintype="bidirectional"/>
    </net>
    <net code="101" name="unconnected-(U2-Pad89)">
      <node ref="U2" pin="89" pinfunction="PK0" pintype="bidirectional"/>
    </net>
    <net code="102" name="unconnected-(U2-Pad90)">
      <node ref="U2" pin="90" pinfunction="PF7" pintype="bidirectional"/>
    </net>
    <net code="103" name="unconnected-(U2-Pad91)">
      <node ref="U2" pin="91" pinfunction="PF6" pintype="bidirectional"/>
    </net>
    <net code="104" name="unconnected-(U2-Pad92)">
      <node ref="U2" pin="92" pinfunction="PF5" pintype="bidirectional"/>
    </net>
    <net code="105" name="unconnected-(U2-Pad93)">
      <node ref="U2" pin="93" pinfunction="PF4" pintype="bidirectional"/>
    </net>
    <net code="106" name="unconnected-(U2-Pad94)">
      <node ref="U2" pin="94" pinfunction="PF3" pintype="bidirectional"/>
    </net>
    <net code="107" name="unconnected-(U2-Pad95)">
      <node ref="U2" pin="95" pinfunction="PF2" pintype="bidirectional"/>
    </net>
    <net code="108" name="unconnected-(U2-Pad96)">
      <node ref="U2" pin="96" pinfunction="PF1" pintype="bidirectional"/>
    </net>
    <net code="109" name="unconnected-(U2-Pad97)">
      <node ref="U2" pin="97" pinfunction="PF0" pintype="bidirectional"/>
    </net>
    <net code="110" name="unconnected-(U3-Pad5)">
      <node ref="U3" pin="5" pinfunction="PC2" pintype="bidirectional"/>
    </net>
    <net code="111" name="unconnected-(U3-Pad6)">
      <node ref="U3" pin="6" pinfunction="PD0" pintype="bidirectional"/>
    </net>
    <net code="112" name="unconnected-(U3-Pad7)">
      <node ref="U3" pin="7" pinfunction="PD1" pintype="bidirectional"/>
    </net>
    <net code="113" name="unconnected-(U3-Pad10)">
      <node ref="U3" pin="10" pinfunction="PD4" pintype="bidirectional"/>
    </net>
    <net code="114" name="unconnected-(U3-Pad11)">
      <node ref="U3" pin="11" pinfunction="PD5" pintype="bidirectional"/>
    </net>
    <net code="115" name="unconnected-(U3-Pad12)">
      <node ref="U3" pin="12" pinfunction="PD6" pintype="bidirectional"/>
    </net>
    <net code="116" name="unconnected-(U3-Pad13)">
      <node ref="U3" pin="13" pinfunction="~{HWB}/PD7" pintype="bidirectional"/>
    </net>
    <net code="117" name="unconnected-(U3-Pad14)">
      <node ref="U3" pin="14" pinfunction="PB0" pintype="bidirectional"/>
    </net>
    <net code="118" name="unconnected-(U3-Pad15)">
      <node ref="U3" pin="15" pinfunction="PB1" pintype="bidirectional"/>
    </net>
    <net code="119" name="unconnected-(U3-Pad16)">
      <node ref="U3" pin="16" pinfunction="PB2" pintype="bidirectional"/>
    </net>
    <net code="120" name="unconnected-(U3-Pad17)">
      <node ref="U3" pin="17" pinfunction="PB3" pintype="bidirectional"/>
    </net>
    <net code="121" name="unconnected-(U3-Pad18)">
      <node ref="U3" pin="18" pinfunction="PB4" pintype="bidirectional"/>
    </net>
    <net code="122" name="unconnected-(U3-Pad19)">
      <node ref="U3" pin="19" pinfunction="PB5" pintype="bidirectional"/>
    </net>
    <net code="123" name="unconnected-(U3-Pad20)">
      <node ref="U3" pin="20" pinfunction="PB6" pintype="bidirectional"/>
    </net>
    <net code="124" name="unconnected-(U3-Pad21)">
      <node ref="U3" pin="21" pinfunction="PB7" pintype="bidirectional"/>
    </net>
    <net code="125" name="unconnected-(U3-Pad22)">
      <node ref="U3" pin="22" pinfunction="PC7" pintype="bidirectional"/>
    </net>
    <net code="126" name="unconnected-(U3-Pad23)">
      <node ref="U3" pin="23" pinfunction="PC6" pintype="bidirectional"/>
    </net>
    <net code="127" name="unconnected-(U3-Pad25)">
      <node ref="U3" pin="25" pinfunction="PC5" pintype="bidirectional"/>
    </net>
    <net code="128" name="unconnected-(U3-Pad26)">
      <node ref="U3" pin="26" pinfunction="PC4" pintype="bidirectional"/>
    </net>
  </nets>
</export>
