"Source:","C:\Users\nilab\Desktop\IISc\RPM Sensor\RPM_Sensor_Complete\RPM_Sensor.kicad_sch"
"Date:","28-03-2023 19:38:01"
"Tool:","Eeschema (6.0.4)"
"Generator:","C:\Program Files\KiCad\6.0\bin\scripting\plugins/bom_csv_grouped_by_value_with_fp.py"
"Component Count:","34"
"Ref","Qnty","Value","Cmp name","Footprint","Description","Vendor"
"C1, C5, C6, C7, C8, C9, C10, C11, ","8","100n","C","Capacitor_SMD:C_0805_2012Metric","Unpolarized capacitor",""
"C2, C3, ","2","47u","C_Polarized_Small","Capacitor_SMD:CP_Elec_4x5.8","Polarized capacitor, small symbol",""
"C14, C15, ","2","22p","C","Capacitor_SMD:C_0805_2012Metric","Unpolarized capacitor",""
"D1, ","1","LED","LED","LED_SMD:LED_0805_2012Metric","Light emitting diode",""
"F1, ","1","500mA","Fuse","Fuse:Fuse_1206_3216Metric","Fuse",""
"IC1, ","1","NCV1117","NCP1117DT50G","SamacSys_Parts:LM317MADTRKG","LDO Voltage Regulators 5.0V 1A Positive",""
"J1, J6, ","2","Conn_01x02_Male","Conn_01x02_Male","Connector_PinHeader_1.27mm:PinHeader_1x02_P1.27mm_Vertical","Generic connector, single row, 01x02, script generated (kicad-library-utils/schlib/autogen/connector/)",""
"J2, ","1","Conn_01x07_Female","Conn_01x06_Female","Connector_JST:JST_SH_BM06B-SRSS-TB_1x06-1MP_P1.00mm_Vertical","Generic connector, single row, 01x06, script generated (kicad-library-utils/schlib/autogen/connector/)",""
"J9, ","1","Conn_01x03_Female","Conn_01x03_Female","Connector_PinHeader_1.27mm:PinHeader_1x03_P1.27mm_Vertical","Generic connector, single row, 01x03, script generated (kicad-library-utils/schlib/autogen/connector/)",""
"J10, ","1","USB_B_Micro","USB_B_Micro","SamacSys_Parts:USB307030A","USB Micro Type B connector",""
"R1, ","1","1M","R","Resistor_SMD:R_0402_1005Metric","Resistor",""
"R2, ","1","10k","R_Small","Resistor_SMD:R_0402_1005Metric","Resistor, small symbol",""
"R3, ","1","R_Small","R_Small","Resistor_SMD:R_0402_1005Metric","Resistor, small symbol",""
"R4, R8, R9, ","3","1k","R","Resistor_SMD:R_0402_1005Metric","Resistor",""
"R6, R7, ","2","22","R","Resistor_SMD:R_0402_1005Metric","Resistor",""
"R10, ","1","270","R","Resistor_SMD:R_0402_1005Metric","Resistor",""
"SW1, ","1","RESET","Conn_01x02_Female","Connector_PinHeader_1.00mm:PinHeader_1x02_P1.00mm_Vertical","Generic connector, single row, 01x02, script generated (kicad-library-utils/schlib/autogen/connector/)",""
"U2, ","1","ATMEGA2560-16AU","ATMEGA2560-16AU","SamacSys_Parts:QFP50P1600X1600X120-100N","",""
"U3, ","1","ATmega8U2-M","ATmega8U2-M","Package_DFN_QFN:QFN-32-1EP_5x5mm_P0.5mm_EP3.1x3.1mm","16MHz, 8kB Flash, 512B SRAM, 512B EEPROM, QFN-32",""
"Y1, ","1","Resonator_Small","Resonator_Small","SamacSys_Parts:CSTNE16M0V530000R0","Three pin ceramic resonator, small symbol",""
"Y2, ","1","Crystal","Crystal","SamacSys_Parts:HC_49US__AT49_PTH","Two pin crystal",""
